Year,Month,Day,URL,Title,Description
2016,10,15,https://storage.googleapis.com/audrey_mae_edward_bear_photo_a_day/2016-10-15%20photo%20of%20the%20day.JPG,Photo of the Week!,41 weeks old already!
2016,10,14,https://storage.googleapis.com/audrey_mae_edward_bear_photo_a_day/2016-10-14%20photo%20of%20the%20day.JPG,Buddies,Just hanging out after dinner.
2016,10,13,https://storage.googleapis.com/audrey_mae_edward_bear_photo_a_day/2016-10-13%20photo%20of%20the%20day.JPG,Kol Nidre II,Hanging close to mama
2016,10,12,https://storage.googleapis.com/audrey_mae_edward_bear_photo_a_day/2016-10-12%20photo%20of%20the%20day.JPG,Kol Nidre,Look at our little Yishiva Bacher
2016,10,11,https://storage.googleapis.com/audrey_mae_edward_bear_photo_a_day/2016-10-11%20photo%20of%20the%20day.JPG,Michigan Colors,She is a beauty.
2016,10,10,https://storage.googleapis.com/audrey_mae_edward_bear_photo_a_day/2016-10-10%20photo%20of%20the%20day.JPG,The best,This is the best.
2016,10,9,https://storage.googleapis.com/audrey_mae_edward_bear_photo_a_day/2016-10-09%20photo%20of%20the%20day.JPG,My Mama is a Beauty,Eddie loves his mama.
2016,10,8,https://storage.googleapis.com/audrey_mae_edward_bear_photo_a_day/2016-10-08%20photo%20of%20the%20day.JPG,What?,I'm not eating the book.
2016,10,7,https://storage.googleapis.com/audrey_mae_edward_bear_photo_a_day/2016-10-07%20photo%20of%20the%20day.JPG,Lay off me.,I'm starving.
2016,10,6,https://storage.googleapis.com/audrey_mae_edward_bear_photo_a_day/2016-10-06%20photo%20of%20the%20day.JPG,Always smiling,She loves those rings.
2016,10,5,https://storage.googleapis.com/audrey_mae_edward_bear_photo_a_day/2016-10-05%20photo%20of%20the%20day.JPG,Shanah Tova,Our first New Year together.
2016,10,4,https://storage.googleapis.com/audrey_mae_edward_bear_photo_a_day/2016-10-04%20photo%20of%20the%20day.JPG,Cowboy,Eddie hates this.
2016,10,3,https://storage.googleapis.com/audrey_mae_edward_bear_photo_a_day/2016-10-03%20photo%20of%20the%20day.JPG,Gameday,Listening to the Michigan game in the park.
2016,10,2,https://storage.googleapis.com/audrey_mae_edward_bear_photo_a_day/2016-10-02%20photo%20of%20the%20day.JPG,Bow,Do not led dad do your hair.
2016,10,1,https://storage.googleapis.com/audrey_mae_edward_bear_photo_a_day/2016-10-01%20photo%20of%20the%20day.JPG,Snuggling with Mama,Just a regular weekend morning at the Spevack household.
2016,9,30,https://storage.googleapis.com/audrey_mae_edward_bear_photo_a_day/2016-09-30%20photo%20of%20the%20day.JPG,Blueberry,Sometimes we dress her up like a blueberry.
2016,9,29,https://storage.googleapis.com/audrey_mae_edward_bear_photo_a_day/2016-09-29%20photo%20of%20the%20day.JPG,Standing!,These two can stand and play.
2016,9,28,https://storage.googleapis.com/audrey_mae_edward_bear_photo_a_day/2016-09-28%20photo%20of%20the%20day.JPG,Rocking the Bonnet,She's a hipster. Hipsters where bonnets.
2016,9,27,https://storage.googleapis.com/audrey_mae_edward_bear_photo_a_day/2016-09-27%20photo%20of%20the%20day.JPG,Two front teeth,Look at that grin!
2016,9,26,https://storage.googleapis.com/audrey_mae_edward_bear_photo_a_day/2016-09-26%20photo%20of%20the%20day.JPG,Sweater time,Trying on some sweaters with mama.
2016,9,25,https://storage.googleapis.com/audrey_mae_edward_bear_photo_a_day/2016-09-25%20photo%20of%20the%20day.JPG,Hanging out with Mama,"Nice sweatshirt, Eddie!"
2016,9,24,https://storage.googleapis.com/audrey_mae_edward_bear_photo_a_day/2016-9-24%20photo%20of%20the%20day.JPG,Teeth!,Just goofing around.
2016,9,23,https://storage.googleapis.com/audrey_mae_edward_bear_photo_a_day/2016-9-23%20photo%20of%20the%20day.JPG,Twin dad,"Feeding one, tryng to keep the other from injuring herself."
2016,9,22,https://storage.googleapis.com/audrey_mae_edward_bear_photo_a_day/2016-9-22%20photo%20of%20the%20day.JPG,Father Daughter Time,Eddie went to sleep. Audrey is more of a night owl.
2016,9,21,https://storage.googleapis.com/audrey_mae_edward_bear_photo_a_day/2016-9-21%20photo%20of%20the%20day.JPG,Photo of the Week!,38 weeks old already!
2016,9,20,https://storage.googleapis.com/audrey_mae_edward_bear_photo_a_day/2016-9-20%20photo%20of%20the%20day.JPG,Playing Games,They are really playing together.
2016,9,19,https://storage.googleapis.com/audrey_mae_edward_bear_photo_a_day/2016-9-19%20photo%20of%20the%20day.JPG,Tired Mae,She fell asleep with the bottle in her mouth.
2016,9,18,https://storage.googleapis.com/audrey_mae_edward_bear_photo_a_day/2016-9-18%20photo%20of%20the%20day.JPG,Is there anything on my face?,Such a dainty eater.
2016,9,17,https://storage.googleapis.com/audrey_mae_edward_bear_photo_a_day/2016-9-17%20photo%20of%20the%20day.JPG,Angel Mae,I could eat that girl.
2016,9,16,https://storage.googleapis.com/audrey_mae_edward_bear_photo_a_day/2016-9-16%20photo%20of%20the%20day.JPG,Clean Mae,Audrey loves bath time.
2016,9,15,https://storage.googleapis.com/audrey_mae_edward_bear_photo_a_day/2016-9-15%20photo%20of%20the%20day.JPG,Standing Bear,Male grizzly bears may stand 9.8 feet tall on their hind legs.
2016,9,14,https://storage.googleapis.com/audrey_mae_edward_bear_photo_a_day/2016-9-14%20photo%20of%20the%20day.JPG,Nerds.,Can't wait to hack with these kids.
2016,9,13,https://storage.googleapis.com/audrey_mae_edward_bear_photo_a_day/2016-9-13%20photo%20of%20the%20day.JPG,Photo of the Week!,37 weeks old already!
2016,9,12,https://storage.googleapis.com/audrey_mae_edward_bear_photo_a_day/2016-9-12%20photo%20of%20the%20day.JPG,Up up and away.,Astronaut training starts early in our house.
2016,9,11,https://storage.googleapis.com/audrey_mae_edward_bear_photo_a_day/2016-9-11%20photo%20of%20the%20day.JPG,Photo of the Week!,36 weeks old already!
2016,9,10,https://storage.googleapis.com/audrey_mae_edward_bear_photo_a_day/2016-9-10%20photo%20of%20the%20day.JPG,Twin friends,"We took a getway near Winter Park with our good twin friends, the Kramers."
2016,9,9,https://storage.googleapis.com/audrey_mae_edward_bear_photo_a_day/2016-9-9%20photo%20of%20the%20day.JPG,Bear Eyes,What if I told you that Bears have proportionally the largest eyes in the mamelian kingdom?
2016,9,8,https://storage.googleapis.com/audrey_mae_edward_bear_photo_a_day/2016-9-8%20photo%20of%20the%20day.JPG,Tired Bear,I was staying late at school and this is what Jess sends me!
2016,9,7,https://storage.googleapis.com/audrey_mae_edward_bear_photo_a_day/2016-9-7%20photo%20of%20the%20day.JPG,Getting artistic,The two most beautiful ladies in the world.
2016,9,6,https://storage.googleapis.com/audrey_mae_edward_bear_photo_a_day/2016-9-6%20photo%20of%20the%20day.JPG,Playing Games,We have happy kids.
2016,9,5,https://storage.googleapis.com/audrey_mae_edward_bear_photo_a_day/2016-9-5%20photo%20of%20the%20day.JPG,Snuggle,I have no words.
2016,9,4,https://storage.googleapis.com/audrey_mae_edward_bear_photo_a_day/2016-9-4%20photo%20of%20the%20day.JPG,Twinsies,So lucky ot have such good twin friends in Denver.
2016,9,3,https://storage.googleapis.com/audrey_mae_edward_bear_photo_a_day/2016-9-3%20photo%20of%20the%20day.JPG,Sense of Humor,This guy loves making us laugh.
2016,9,2,https://storage.googleapis.com/audrey_mae_edward_bear_photo_a_day/2016-9-2%20photo%20of%20the%20day.JPG,Excited for a meal,She can't wait to see what mama is cooking.
2016,9,1,https://storage.googleapis.com/audrey_mae_edward_bear_photo_a_day/2016-9-1%20photo%20of%20the%20day.JPG,All Cheeks and Hair,Audrey is 90% hair and cheeks.
2016,8,31,https://storage.googleapis.com/audrey_mae_edward_bear_photo_a_day/2016-8-31%20photo%20of%20the%20day.JPG,Always laughing,I can't wait to hear the jokes going on in his head.
2016,8,30,https://storage.googleapis.com/audrey_mae_edward_bear_photo_a_day/2016-8-30%20photo%20of%20the%20day.JPG,Messy Dainty Chique,Audrey definitely has her own style.
2016,8,29,https://storage.googleapis.com/audrey_mae_edward_bear_photo_a_day/2016-8-29%20photo%20of%20the%20day.JPG,Grandpa reading,This is a great book!
2016,8,28,https://storage.googleapis.com/audrey_mae_edward_bear_photo_a_day/2016-8-28%20photo%20of%20the%20day.JPG,Eddie and Dawnie,Who is more excited?
2016,8,27,https://storage.googleapis.com/audrey_mae_edward_bear_photo_a_day/2016-8-27%20photo%20of%20the%20day.JPG,So excited,Look at these happy kids.
2016,8,26,https://storage.googleapis.com/audrey_mae_edward_bear_photo_a_day/2016-8-25%20photo%20of%20the%20day.JPG,"Yup, that's my son.",The apple does not fall from the tree.
2016,8,25,https://storage.googleapis.com/audrey_mae_edward_bear_photo_a_day/2016-8-24%20photo%20of%20the%20day.jpg,Great toys,Eddie loves his rings.
2016,8,25,https://storage.googleapis.com/audrey_mae_edward_bear_photo_a_day/2016-8-23%20photo%20of%20the%20day.jpg,Rapture,More reading pics.
2016,8,22,https://storage.googleapis.com/audrey_mae_edward_bear_photo_a_day/2016-8-22%20photo%20of%20the%20day.png,Reading with mama.,What is better than story time with mom?
2016,8,21,https://storage.googleapis.com/audrey_mae_edward_bear_photo_a_day/2016-8-21%20photo%20of%20the%20day.png,800 Verbal,She loves books!
2016,8,20,https://storage.googleapis.com/audrey_mae_edward_bear_photo_a_day/2016-8-20%20photo%20of%20the%20day.jpg,Profile,Look at that posture!
2016,8,19,https://storage.googleapis.com/audrey_mae_edward_bear_photo_a_day/2016-8-19%20photo%20of%20the%20day.jpg,Matching PJs,Hanging out on the couch.
2016,8,18,https://storage.googleapis.com/audrey_mae_edward_bear_photo_a_day/2016-8-18%20photo%20of%20the%20day.png,Mother Daughter Selfie,Beautiful ladies!
2016,8,17,https://storage.googleapis.com/audrey_mae_edward_bear_photo_a_day/2016-8-17%20photo%20of%20the%20day.png,Great Grandma!,Here is a woman who was born less than a decade after women could first vote in this country. Now she is playing with her great granddaughter from Florida to Colorado.
2016,8,16,https://storage.googleapis.com/audrey_mae_edward_bear_photo_a_day/2016-8-16%20photo%20of%20the%20day.jpg,Photo of the Week!,33 weeks old already!
2016,8,15,https://storage.googleapis.com/audrey_mae_edward_bear_photo_a_day/2016-8-15%20photo%20of%20the%20day.png,Interaction,I was paying attention even though my phone is out.
2016,8,14,https://storage.googleapis.com/audrey_mae_edward_bear_photo_a_day/2016-8-14%20photo%20of%20the%20day.JPG,Smile!,They are very close to crawling.
2016,8,13,https://storage.googleapis.com/audrey_mae_edward_bear_photo_a_day/2016-8-13%20photo%20of%20the%20day.JPG,Hanging out,Just haivng some fun on the couch.
2016,8,12,https://storage.googleapis.com/audrey_mae_edward_bear_photo_a_day/2016-8-12%20photo%20of%20the%20day.JPG,Can Can,Audrey doing the can can; Eddie playing it cool.
2016,8,11,https://storage.googleapis.com/audrey_mae_edward_bear_photo_a_day/2016-8-11%20photo%20of%20the%20day.JPG,Beauty,How is this our daughter?
2016,8,10,https://storage.googleapis.com/audrey_mae_edward_bear_photo_a_day/2016-8-10%20photo%20of%20the%20day.JPG,All smile,Just playing together in the morning.
2016,8,9,https://storage.googleapis.com/audrey_mae_edward_bear_photo_a_day/2016-8-9%20photo%20of%20the%20day.JPG,The files are in the computer?,My son the computer engineer!
2016,8,8,https://storage.googleapis.com/audrey_mae_edward_bear_photo_a_day/2016-8-8%20photo%20of%20the%20day.JPG,Oh no you don't,You are forgetting who is the big sissy.
2016,8,7,https://storage.googleapis.com/audrey_mae_edward_bear_photo_a_day/2016-8-7%20photo%20of%20the%20day.JPG,Scarlet Begonias,Tucked into her curls. And right away I knew she was not like other girls.
2016,8,6,https://storage.googleapis.com/audrey_mae_edward_bear_photo_a_day/2016-8-6%20photo%20of%20the%20day.JPG,Soon my son,You too will have a fro.
2016,8,5,https://storage.googleapis.com/audrey_mae_edward_bear_photo_a_day/2016-8-5%20photo%20of%20the%20day.JPG,Eddie Betty,Just loving his hand and that book.
2016,8,4,https://storage.googleapis.com/audrey_mae_edward_bear_photo_a_day/2016-8-4%20photo%20of%20the%20day.JPG,Bear meets bath,This kid has a real zest for life.
2016,8,3,https://storage.googleapis.com/audrey_mae_edward_bear_photo_a_day/2016-8-3%20photo%20of%20the%20day.JPG,More Audrey,And her tongue
2016,8,2,https://storage.googleapis.com/audrey_mae_edward_bear_photo_a_day/2016-8-2%20photo%20of%20the%20day.JPG,Our Bonita,She just won't nap.
2016,8,1,https://storage.googleapis.com/audrey_mae_edward_bear_photo_a_day/2016-8-1%20photo%20of%20the%20day.JPG,Those eyes,Eddie does have nice eyes.
2016,7,31,https://storage.googleapis.com/audrey_mae_edward_bear_photo_a_day/2016-7-31%20photo%20of%20the%20day.JPG,Comfort,"It's okay Eddie, big sissy is here."
2016,7,30,https://storage.googleapis.com/audrey_mae_edward_bear_photo_a_day/2016-7-30%20photo%20of%20the%20day.JPG,Pillow,Sometimes I use Audrey as a pillow.
2016,7,29,https://storage.googleapis.com/audrey_mae_edward_bear_photo_a_day/2016-7-29%20photo%20of%20the%20day.JPG,Mom has a tongue too?,Audrey discovering that tongues are a thing that other people have as well.
2016,7,28,https://storage.googleapis.com/audrey_mae_edward_bear_photo_a_day/2016-7-28%20photo%20of%20the%20day.JPG,Please sir...,May I have some more?
2016,7,27,https://storage.googleapis.com/audrey_mae_edward_bear_photo_a_day/2016-7-27%20photo%20of%20the%20day.JPG,Open Wide,Stop bullying your little brother!
2016,7,26,https://storage.googleapis.com/audrey_mae_edward_bear_photo_a_day/2016-7-26%20photo%20of%20the%20day.JPG,All the lap naps.,"They don't get too big to do this, right?"
2016,7,25,https://storage.googleapis.com/audrey_mae_edward_bear_photo_a_day/2016-7-25%20photo%20of%20the%20day.JPG,Cool Jeans,But not too cool for a nap on mama's lap.
2016,7,24,https://storage.googleapis.com/audrey_mae_edward_bear_photo_a_day/2016-7-24%20photo%20of%20the%20day.JPG,Zeydie!,A tender moment shared between Zeydie and Audrey.
2016,7,23,https://storage.googleapis.com/audrey_mae_edward_bear_photo_a_day/2016-7-23%20photo%20of%20the%20day.JPG,Good night Bubbie,Bubbie tucks the Bear in.
2016,7,22,https://storage.googleapis.com/audrey_mae_edward_bear_photo_a_day/2016-7-22%20photo%20of%20the%20day.JPG,Good night Bubbie,Bubbie tucks Audrey in.
2016,7,21,https://storage.googleapis.com/audrey_mae_edward_bear_photo_a_day/2016-7-21%20photo%20of%20the%20day.JPG,No Toys,No Problem.
2016,7,20,https://storage.googleapis.com/audrey_mae_edward_bear_photo_a_day/2016-7-20%20photo%20of%20the%20day.JPG,Morning Play Time,Floors are currently off limits.
2016,7,19,https://storage.googleapis.com/audrey_mae_edward_bear_photo_a_day/2016-7-19%20photo%20of%20the%20day.gif,Theiving,Good thing we've got security cameras.
2016,7,18,https://storage.googleapis.com/audrey_mae_edward_bear_photo_a_day/2016-7-18%20photo%20of%20the%20day.JPG,Viva Le France,Jess put them in their French outfits.
2016,7,17,https://storage.googleapis.com/audrey_mae_edward_bear_photo_a_day/2016-7-17%20photo%20of%20the%20day.JPG,Bubbie is back!,So good to have Bubbie around.
2016,7,16,https://storage.googleapis.com/audrey_mae_edward_bear_photo_a_day/2016-7-16%20photo%20of%20the%20day.JPG,The Turkey,That's my best gal.
2016,7,15,https://storage.googleapis.com/audrey_mae_edward_bear_photo_a_day/2016-7-15%20photo%20of%20the%20day.JPG,Best Buddy,That's my best bud.
2016,7,14,https://storage.googleapis.com/audrey_mae_edward_bear_photo_a_day/2016-7-14%20photo%20of%20the%20day.JPG,Photo of the Week!,28 weeks old already!
2016,7,13,https://storage.googleapis.com/audrey_mae_edward_bear_photo_a_day/2016-7-13%20photo%20of%20the%20day.JPG,Playing together,Who can steal who's binky?
2016,7,12,https://storage.googleapis.com/audrey_mae_edward_bear_photo_a_day/2016-7-12%20photo%20of%20the%20day.JPG,Reading... sort of.,She gives new meaning to the term voracious reader (check out that drool).
2016,7,11,https://storage.googleapis.com/audrey_mae_edward_bear_photo_a_day/2016-7-11%20photo%20of%20the%20day.JPG,Happy Daddy,Post dinner cuddle.
2016,7,10,https://storage.googleapis.com/audrey_mae_edward_bear_photo_a_day/2016-7-10%20photo%20of%20the%20day.JPG,A special note to Bubbie,In honor of Bubbie Mae's Yortziet
2016,7,9,https://storage.googleapis.com/audrey_mae_edward_bear_photo_a_day/2016-7-9%20photo%20of%20the%20day.JPG,Whose foot is that?,She was chewing on Eddie's foot a second ago.
2016,7,8,https://storage.googleapis.com/audrey_mae_edward_bear_photo_a_day/2016-7-8%20photo%20of%20the%20day.JPG,Friends!,They love each other.
2016,7,7,https://storage.googleapis.com/audrey_mae_edward_bear_photo_a_day/2016-7-7%20photo%20of%20the%20day.JPG,Audrey,Smiling with her bow.
2016,7,6,https://storage.googleapis.com/audrey_mae_edward_bear_photo_a_day/2016-7-6%20photo%20of%20the%20day.jpg,Photo of the Week!,27 weeks old already!
2016,7,5,https://storage.googleapis.com/audrey_mae_edward_bear_photo_a_day/2016-7-5%20photo%20of%20the%20day.jpg,Mother's Love,She is really starting to look like a little girl.
2016,7,4,https://storage.googleapis.com/audrey_mae_edward_bear_photo_a_day/2016-7-4%20photo%20of%20the%20day.jpg,Apple Puree Part II,First time enjoying solid food.
2016,7,3,https://storage.googleapis.com/audrey_mae_edward_bear_photo_a_day/2016-7-3%20photo%20of%20the%20day.jpg,First Solid Food,Cinamon Apple Sauce. Organic. Made by Jess.
2016,7,2,https://storage.googleapis.com/audrey_mae_edward_bear_photo_a_day/2016-7-2%20photo%20of%20the%20day.jpg,Happy Canada Day,Getting so fancy.
2016,7,1,https://storage.googleapis.com/audrey_mae_edward_bear_photo_a_day/2016-7-1%20photo%20of%20the%20day.jpg,Exceptionally Cute,We take being twins seriously.
2016,6,30,https://storage.googleapis.com/audrey_mae_edward_bear_photo_a_day/2016-6-30%20photo%20of%20the%20day.jpg,Bundle of Joy,This Bear is the bee's knees.
2016,6,29,https://storage.googleapis.com/audrey_mae_edward_bear_photo_a_day/2016-6-29%20photo%20of%20the%20day.jpg,Tickles!,Someone is ticklish.
2016,6,28,https://storage.googleapis.com/audrey_mae_edward_bear_photo_a_day/2016-6-28%20photo%20of%20the%20day.jpg,Best twins ever,We are so fortunate.
2016,6,27,https://storage.googleapis.com/audrey_mae_edward_bear_photo_a_day/2016-6-27%20photo%20of%20the%20day.jpg,Playing Together,You are the best older sissy.
2016,6,26,https://storage.googleapis.com/audrey_mae_edward_bear_photo_a_day/2016-6-26%20photo%20of%20the%20day.jpg,Smiling Bear,He's such a happy boy.
2016,6,25,https://storage.googleapis.com/audrey_mae_edward_bear_photo_a_day/2016-6-25%20photo%20of%20the%20day.jpg,Love this girl,We have such an incredible daughter.
2016,6,24,https://storage.googleapis.com/audrey_mae_edward_bear_photo_a_day/2016-6-24%20photo%20of%20the%20day.jpg,The Girl formerly known as the Chicken,Take a bite out of life.
2016,6,23,https://storage.googleapis.com/audrey_mae_edward_bear_photo_a_day/2016-6-23%20photo%20of%20the%20day.jpg,Fire Drill,"We had to leave the apartment because of a fire alarm. On the plus side, Edward and Audrey got to see real live fire fighters."
2016,6,22,https://storage.googleapis.com/audrey_mae_edward_bear_photo_a_day/2016-6-22%20photo%20of%20the%20day.jpg,Jillian & Her Ladyship Mae,"Only one Bridesmaid still needs to meet the babies. Nicole, Jose, when are you all coming to Denver?!"
2016,6,21,https://storage.googleapis.com/audrey_mae_edward_bear_photo_a_day/2016-6-21%20photo%20of%20the%20day.jpg,Two Eddies,Drawn by Ms. Sara Shah commissioned by Ms. Jess Spevack in honor of Father's Day
2016,6,20,https://storage.googleapis.com/audrey_mae_edward_bear_photo_a_day/2016-6-20%20photo%20of%20the%20day.jpg,Road Trip!,"""Slow down Eddie."" - Mama Bear"
2016,6,19,https://storage.googleapis.com/audrey_mae_edward_bear_photo_a_day/2016-6-19%20photo%20of%20the%20day.jpg,Big Smile,That's a happy Bear.
2016,6,18,https://storage.googleapis.com/audrey_mae_edward_bear_photo_a_day/2016-6-18%20photo%20of%20the%20day.jpg,Silly Faces,This week Audrey discovered her tongue.
2016,6,17,https://storage.googleapis.com/audrey_mae_edward_bear_photo_a_day/2016-6-17%20photo%20of%20the%20day.jpg,Another day at the office,What a duo!
2016,6,16,https://storage.googleapis.com/audrey_mae_edward_bear_photo_a_day/2016-6-16%20photo%20of%20the%20day.jpg,Spevack Family,Family selfie!
2016,6,15,https://storage.googleapis.com/audrey_mae_edward_bear_photo_a_day/2016-6-15%20photo%20of%20the%20day.jpg,Lean on me,Audrey resting her head on Eddie's shoulder.
2016,6,14,https://storage.googleapis.com/audrey_mae_edward_bear_photo_a_day/2016-6-14%20photo%20of%20the%20day.jpg,The most comfortable seat,"What could be more comforting, nurturing, or relaxing than sitting on mama?"
2016,6,13,https://storage.googleapis.com/audrey_mae_edward_bear_photo_a_day/2016-6-13%20photo%20of%20the%20day.jpg,Knish,Someone wanted to sit on the couch instead of taking her nap.
2016,6,12,https://storage.googleapis.com/audrey_mae_edward_bear_photo_a_day/2016-6-12%20photo%20of%20the%20day.jpg,Thieving,Audrey is sharing the stolen binky with mama.
2016,6,11,https://storage.googleapis.com/audrey_mae_edward_bear_photo_a_day/2016-6-11%20photo%20of%20the%20day.jpg,Twin Connection,Natural born best friends.
2016,6,10,https://storage.googleapis.com/audrey_mae_edward_bear_photo_a_day/2016-6-10%20photo%20of%20the%20day.jpg,Cheesman Park,First of many Dad-Twin adventures.
2016,6,9,https://storage.googleapis.com/audrey_mae_edward_bear_photo_a_day/2016-6-9%20photo%20of%20the%20day.jpg,Mom with her Bear cub,We have no idea where he gets that smile!
2016,6,8,https://storage.googleapis.com/audrey_mae_edward_bear_photo_a_day/2016-6-8%20photo%20of%20the%20day.jpg,Crazy Bear,What a happy baby boy.
2016,6,7,https://storage.googleapis.com/audrey_mae_edward_bear_photo_a_day/2016-6-7%20photo%20of%20the%20day.jpg,Stay at Home Dad,I don't want to be anywhere else!
2016,6,6,https://storage.googleapis.com/audrey_mae_edward_bear_photo_a_day/2016-6-6%20photo%20of%20the%20day.jpg,Real Coloradans,In their natural habitat.
2016,6,5,https://storage.googleapis.com/audrey_mae_edward_bear_photo_a_day/2016-6-5%20photo%20of%20the%20day.jpg,Golden Gate Canyon State Park,Our first family trip to the mountains!
2016,6,4,https://storage.googleapis.com/audrey_mae_edward_bear_photo_a_day/2016-6-4%20photo%20of%20the%20day.jpg,Gummy Smile,Look at that shana punim!
2016,6,3,https://storage.googleapis.com/audrey_mae_edward_bear_photo_a_day/2016-6-3%20photo%20of%20the%20day.jpg,Good Morning Eddie!,He's hanging out with his toy hippo and getting ready for a day filled with learning.
2016,6,2,https://storage.googleapis.com/audrey_mae_edward_bear_photo_a_day/2016-6-2%20Photo%20of%20the%20day.jpg,Cherubic,"(Adjective) Having the childlike innocence or plump prettiness of a cherub. See picture."
2016,6,1,https://storage.googleapis.com/audrey_mae_edward_bear_photo_a_day/2016-6-1%20Photo%20of%20the%20day.jpg,Photo of the Week!,22 weeks old already!
2016,5,31,https://storage.googleapis.com/audrey_mae_edward_bear_photo_a_day/2016-5-31%20Photo%20of%20the%20day.jpg,All alone with Mama,"Mama took care of the kids all weekend. Looking at them, you wouldn't even know she was short handed."
2016,5,30,https://storage.googleapis.com/audrey_mae_edward_bear_photo_a_day/2016-5-30%20Photo%20of%20the%20day.jpg,The Bonita,Audrey is such a sweet girl.
2016,5,29,https://storage.googleapis.com/audrey_mae_edward_bear_photo_a_day/2016-5-29%20Photo%20of%20the%20day.jpg,Farmers Market Jams,Our first family trip to  the Cherry Creek Farmer's Market.
2016,5,28,https://storage.googleapis.com/audrey_mae_edward_bear_photo_a_day/2016-5-28%20photo%20of%20the%20day.jpg,Hey Mae Mae,"""Dad, will you do my hair?"" said no kid ever."
2016,5,27,https://storage.googleapis.com/audrey_mae_edward_bear_photo_a_day/2016-5-27%20photo%20of%20the%20day.jpg,Bear feeding,Eddie in full food coma on dad's arm.
2016,5,26,https://storage.googleapis.com/audrey_mae_edward_bear_photo_a_day/2016-5-26%20photo%20of%20the%20day.jpg,Photo of the Week!,21 weeks old already!
2016,5,25,https://storage.googleapis.com/audrey_mae_edward_bear_photo_a_day/2016-5-25%20photo%20of%20the%20day.jpg,Audrey and Mama,Spitting images of each other.
2016,5,24,https://storage.googleapis.com/audrey_mae_edward_bear_photo_a_day/2016-5-24%20photo%20of%20the%20day.jpg,Edward Bear,Eddie is playing with his favorite toy bear.
2016,5,23,https://storage.googleapis.com/audrey_mae_edward_bear_photo_a_day/2016-5-23%20photo%20of%20the%20day.jpg,Sibling Rivalry,You better listen to what big sissy is telling you...
2016,5,22,https://storage.googleapis.com/audrey_mae_edward_bear_photo_a_day/2016-5-22%20photo%20of%20the%20day.jpg,Twins love Laura,Eddie and Audrey love haning out with Laura.
2016,5,21,https://storage.googleapis.com/audrey_mae_edward_bear_photo_a_day/2016-5-21%20photo%20of%20the%20day.jpg,Best friends,It's going to be a great weekend.
2016,5,20,https://storage.googleapis.com/audrey_mae_edward_bear_photo_a_day/2016-5-20%20photo%20of%20the%20day.jpg,Laura!,Laura meets the Bear.
2016,5,19,https://storage.googleapis.com/audrey_mae_edward_bear_photo_a_day/2016-5-19%20photo%20of%20the%20day.jpg,Zaydie!,Eddie is trying to secure a spot in the U of A school of Engineering class of 2037 by sporting his U of A finery.
2016,5,18,https://storage.googleapis.com/audrey_mae_edward_bear_photo_a_day/2016-05-18%20photo%20of%20the%20day.jpg,Photo of the Week!,20 weeks old already!
2016,5,17,https://storage.googleapis.com/audrey_mae_edward_bear_photo_a_day/2016-5-17%20photo%20of%20the%20day.jpg,Hands on grandparenting,Bubbie and Zayde read stories with Audrey and Edward.
2016,5,16,https://storage.googleapis.com/audrey_mae_edward_bear_photo_a_day/2016-5-16%20photo%20of%20the%20day.jpg,Botanic Garden,"We get so much attention in public, it's like we are celebrities."
2016,5,15,https://storage.googleapis.com/audrey_mae_edward_bear_photo_a_day/2016-5-15%20photo%20of%20the%20day.jpg,The Cavalry has Arrived,Thank god for reinforcements.
2016,5,14,https://storage.googleapis.com/audrey_mae_edward_bear_photo_a_day/2016-5-14%20photo%20of%20the%20day.jpg,Ready for my close up,Someone's wearing her fancy shirt!
2016,5,13,https://storage.googleapis.com/audrey_mae_edward_bear_photo_a_day/2016-05-13%20photo%20of%20the%20day.jpg,Audrelita Worm,All tucked in snug as a bug.
2016,5,12,https://storage.googleapis.com/audrey_mae_edward_bear_photo_a_day/2016-05-12%20photo%20of%20the%20day.jpg,Photo of the Week!,19 weeks old already!
2016,5,11,https://storage.googleapis.com/audrey_mae_edward_bear_photo_a_day/2016-5-11%20photo%20of%20the%20day.jpg,My best bud.,How about that tie?
2016,5,10,https://storage.googleapis.com/audrey_mae_edward_bear_photo_a_day/2016-5-10%20photo%20of%20the%20day.jpg,Playing around,These two love to laugh and play.
2016,5,9,https://storage.googleapis.com/audrey_mae_edward_bear_photo_a_day/2016-5-9%20photo%20of%20the%20day.jpg,Eddie and Dawnie,What an awesome visit.
2016,5,8,https://storage.googleapis.com/audrey_mae_edward_bear_photo_a_day/2016-5-8%20photo%20of%20the%20day.jpg,Double the Twins!,"Eddie, Jess, Eleanor, Emily, Adurey, Cheryl, Juniper, and Dawn"
2016,5,7,https://storage.googleapis.com/audrey_mae_edward_bear_photo_a_day/2016-05-07%20photo%20of%20the%20day.jpg,Grandpa,Eddie paying attention to Grandpa
2016,5,6,https://storage.googleapis.com/audrey_mae_edward_bear_photo_a_day/2016-05-06%20photo%20of%20the%20day.jpg,Lazing together,"I'd like my binkie back, brother."
2016,5,5,https://storage.googleapis.com/audrey_mae_edward_bear_photo_a_day/2016-5-5%20photo%20of%20the%20day.jpg,Reading,My son the scholar.
2016,5,4,https://storage.googleapis.com/audrey_mae_edward_bear_photo_a_day/2016-5-4%20photo%20of%20the%20day.jpg,Photo of the Week!,18 weeks old already
2016,5,3,https://storage.googleapis.com/audrey_mae_edward_bear_photo_a_day/2016-5-3%20photo%20of%20the%20day.jpg,Audrey Smiling,What's not to smile about? She gets to hangout with Mommy all day!
2016,5,2,https://storage.googleapis.com/audrey_mae_edward_bear_photo_a_day/2016-5-2%20photo%20of%20the%20day.jpg,Playing together,Just enjoying some time on the play mat.
2016,5,1,https://storage.googleapis.com/audrey_mae_edward_bear_photo_a_day/2016-5-1%20photo%20of%20the%20day.jpg,Goodbye Grandma,Can't wait until our next time all together.
2016,4,30,https://storage.googleapis.com/audrey_mae_edward_bear_photo_a_day/2016-4-30%20photo%20of%20the%20day.jpg,Audrey and Mama Bird,Just hanging out on the couch.
2016,4,29,https://storage.googleapis.com/audrey_mae_edward_bear_photo_a_day/2016-4-29%20photo%20of%20the%20day.jpg,Mush Ball,Look at that face!
2016,4,28,https://storage.googleapis.com/audrey_mae_edward_bear_photo_a_day/2016-4-28%20photo%20of%20the%20day.jpg,Photo of the Week!,17 weeks old already
2016,4,27,https://storage.googleapis.com/audrey_mae_edward_bear_photo_a_day/2016-4-27%20photo%20of%20%20the%20day.jpg,Grandma & Audrey,Audrey LOVES Grandma
2016,4,26,https://storage.googleapis.com/audrey_mae_edward_bear_photo_a_day/2016-4-26%20photo%20of%20the%20day.jpg,Gramp-C & Eddie,Enjoying dinner together.
2016,4,25,https://storage.googleapis.com/audrey_mae_edward_bear_photo_a_day/2016-4-25%20photo%20of%20the%20day.jpg,Hail to the Victors,We are aiming for a Women's Golf and Men's Biatholon scholarship.
2016,4,24,https://storage.googleapis.com/audrey_mae_edward_bear_photo_a_day/2016-4-24%20photo%20of%20the%20day.jpg,A Zissen Pesach,All dressed up for Seder.
2016,4,23,https://storage.googleapis.com/audrey_mae_edward_bear_photo_a_day/2016-4-23%20photo%20of%20the%20day.jpg,Wake up Brother,It's time for lunch!
2016,4,22,https://storage.googleapis.com/audrey_mae_edward_bear_photo_a_day/2016-4-22%20photo%20of%20the%20day.jpg,Oh what a beautiful morning,Audrey Mae is smiling bright.
2016,4,21,https://storage.googleapis.com/audrey_mae_edward_bear_photo_a_day/2016-4-21%20photo%20of%20the%20day.jpg,Snuggles after work,After a day at work it's great to come home and relax with my babies.
2016,4,20,https://storage.googleapis.com/audrey_mae_edward_bear_photo_a_day/2016-4-20%20photo%20of%20the%20day.jpg,Photo of the Week!,16 weeks old already
2016,4,19,https://storage.googleapis.com/audrey_mae_edward_bear_photo_a_day/2016-4-19%20photo%20of%20the%20day.jpg,Bubbie's Namesake,You mean I get to spend the whole day with Mama?
2016,4,18,https://storage.googleapis.com/audrey_mae_edward_bear_photo_a_day/2016-4-18%20photo%20of%20the%20day.jpg,Pontificating,Professor Bear deep in thought.
2016,4,17,https://storage.googleapis.com/audrey_mae_edward_bear_photo_a_day/2016-4-17%20photo%20of%20the%20day.jpg,Ready to go!,Look at that hat.
2016,4,16,https://storage.googleapis.com/audrey_mae_edward_bear_photo_a_day/2016-4-16%20v%202%20photo%20of%20the%20day.jpg,Holding hands,They are two peas in a pod.
2016,4,15,https://storage.googleapis.com/audrey_mae_edward_bear_photo_a_day/2016-4-16%20photo%20of%20the%20day.jpg,Father son selfie,Jess is not going to be pleased that this is the photo of the day.
2016,4,14,https://storage.googleapis.com/audrey_mae_edward_bear_photo_a_day/2016-4-14%20photo%20of%20the%20day.jpg,Best friends,This is their favorite green play mat.
2016,4,13,https://storage.googleapis.com/audrey_mae_edward_bear_photo_a_day/2016-4-13%20photo%20of%20the%20day.jpg,Photo of the Week!,15 weeks old already
2016,4,12,https://storage.googleapis.com/audrey_mae_edward_bear_photo_a_day/Photo%20of%20the%20Day%202016-04-11.jpg,Fuzzy Head!,Audrey knows she had an awesome hair day.
2016,4,11,https://storage.googleapis.com/audrey_mae_edward_bear_photo_a_day/2016-4-11%20photo%20of%20the%20day.jpg,Bedtime,You mean I get to have a sleepover with my best friend?
2016,4,10,https://storage.googleapis.com/audrey_mae_edward_bear_photo_a_day/2016-4-10%20photo%20of%20the%20day.jpg,Soap Girl,What is better than bath time?
2016,4,9,https://storage.googleapis.com/audrey_mae_edward_bear_photo_a_day/2016-4-9%20photo%20of%20the%20day.jpg,Good News,Someone just finished his second dinner!
2016,4,8,https://storage.googleapis.com/audrey_mae_edward_bear_photo_a_day/2016-4-8%20photo%20of%20the%20day.jpg,Audrelita Bonita,Those are Eddie's pants on her head.
2016,4,7,https://storage.googleapis.com/audrey_mae_edward_bear_photo_a_day/photo%20of%20the%20day%202016-4-7.jpg,Nerds,Have we told you about rewarding careers in Engineering?
2016,4,6,https://storage.googleapis.com/audrey_mae_edward_bear_photo_a_day/2016-4-6%20photo%20of%20the%20day.jpg,Photo of the Week!,14 weeks old already
2016,4,5,https://storage.googleapis.com/audrey_mae_edward_bear_photo_a_day/2016-4-5%20photo%20of%20the%20day.jpg,So Happy,Didn't even realize Dad went back to work!
2016,4,4,https://storage.googleapis.com/audrey_mae_edward_bear_photo_a_day/2016-4-4%20photo%20of%20the%20day.jpg,Hail!,"Ben, if you are seeing this, I'm not sorry."
2016,4,3,https://storage.googleapis.com/audrey_mae_edward_bear_photo_a_day/2016-4-3%20photo%20of%20the%20day.jpg,Rasta Mae,Sometimes she wears her dad's hat.
2016,4,2,https://storage.googleapis.com/audrey_mae_edward_bear_photo_a_day/2016-4-2%20photo%20of%20the%20day.jpg,Twin Pals,They are really starting to enjoy each other's company.
2016,4,1,https://storage.googleapis.com/audrey_mae_edward_bear_photo_a_day/2016-4-1%20photo%20of%20the%20day.jpg,Twin Otters,Just being themselves.
2016,3,31,https://storage.googleapis.com/audrey_mae_edward_bear_photo_a_day/2016-3-31%20photo%20of%20the%20day.jpg,Book Worm,Audrey is already a scholar (STEM fields).
2016,3,30,https://storage.googleapis.com/audrey_mae_edward_bear_photo_a_day/2016-3-30%20photo%20of%20the%20day.jpg,Photoshoot Tuesdays!,Sometimes we do photoshoots.
2016,3,29,https://storage.googleapis.com/audrey_mae_edward_bear_photo_a_day/2016-3-29%20photo%20of%20the%20day.jpg,Mama Bear,Apologies for the dirth of Mama Bear photos recently. She is the real MVP of this family.
2016,3,28,https://storage.googleapis.com/audrey_mae_edward_bear_photo_a_day/2016-3-28%20photo%20of%20the%20day.jpg,Twin Bootcamp,"Dave and Riv, future twin parents, visiting to see what the hype is all about."
2016,3,27,https://storage.googleapis.com/audrey_mae_edward_bear_photo_a_day/2016-3-27%20photo%20of%20the%20day.jpg,The one and only Amills,Adam meets Audrey and Edward
2016,3,26,https://storage.googleapis.com/audrey_mae_edward_bear_photo_a_day/2016-3-26%20photo%20of%20the%20day.jpg,Double Swaddle,Not as easy as it looks
2016,3,25,https://storage.googleapis.com/audrey_mae_edward_bear_photo_a_day/2016-3-25%20photo%20of%20the%20day.jpg,Selfie,"Just finished reading ""The Bear with the Purple Smile"""
2016,3,24,https://storage.googleapis.com/audrey_mae_edward_bear_photo_a_day/2016-3-24%20photo%20of%20the%20day.jpg,The chicken,Sometimes known as the knish.
2016,3,23,https://storage.googleapis.com/audrey_mae_edward_bear_photo_a_day/2016-3-23%20photo%20of%20the%20day.jpg,Bear,Edward is snoozing in his carrier in the Botanic Gardens.
2016,3,22,https://storage.googleapis.com/audrey_mae_edward_bear_photo_a_day/2016-3-22%20photo%20of%20the%20day.jpg,Relaxing,Look at these two!
2016,3,21,https://storage.googleapis.com/audrey_mae_edward_bear_photo_a_day/2016-3-21%20photo%20of%20the%20day.jpg,Learning Fort,We made a fortress of learning!
2016,3,20,https://storage.googleapis.com/audrey_mae_edward_bear_photo_a_day/2016-3-20%20photo%20of%20the%20day.jpg,So sleepy,Little nap on the couch with my bonita.
2016,3,19,https://storage.googleapis.com/audrey_mae_edward_bear_photo_a_day/2016-3-19%20photo%20of%20the%20day.jpg,Eddie and his Teddy Bear,Edward was so excited to get his new Teddy Bear.
2016,3,18,https://storage.googleapis.com/audrey_mae_edward_bear_photo_a_day/2016-3-18%20photo%20of%20the%20day.jpg,Not Pleased,Audrey and Edward's reaction to the Arizona / Witchita State game.
2016,3,17,https://storage.googleapis.com/audrey_mae_edward_bear_photo_a_day/2016-3-17%20photo%20of%20the%20day.jpg,Ready for my close up,This one is a looker.
2016,3,16,https://storage.googleapis.com/audrey_mae_edward_bear_photo_a_day/2016-3-16%20photo%20of%20the%20day.jpg,Post Dinner Photoshoot,Just a little post dinner photography before bed.
2016,3,15,https://storage.googleapis.com/audrey_mae_edward_bear_photo_a_day/2016-3-15%20photo%20of%20the%20day.jpg,Play Time,Audrey and Edward goofing around.
2016,3,14,https://storage.googleapis.com/audrey_mae_edward_bear_photo_a_day/photo%20of%20the%20day%202016-3-14.jpg,Smiling,What a happy boy.
2016,3,13,https://storage.googleapis.com/audrey_mae_edward_bear_photo_a_day/photo%20of%20the%20day%202016-3-13.jpg,Are you serious?,Too cute for school.
2016,3,12,https://storage.googleapis.com/audrey_mae_edward_bear_photo_a_day/picture_of_the_day_3-12-16.JPG,Baby Boy Blue,Eddie Bear snug as a bug
2016,3,11,https://storage.googleapis.com/audrey_mae_edward_bear_photo_a_day/2016-3-11%20photo%20of%20the%20day.jpg,Good Night Colorado,Audrey learning about the majesty of her home state.
2016,3,10,https://storage.googleapis.com/audrey_mae_edward_bear_photo_a_day/2016-3-10%20photo%20of%20the%20day.jpg,Post Dinner Snooze,Got to soak in the moment.
2016,3,9,https://storage.googleapis.com/audrey_mae_edward_bear_photo_a_day/2016-3-9%20photo%20of%20the%20day.jpg,Favorite seats,We haven't told Audrey or Edward that Grandma is going back to New York tomorrow.
2016,3,8,https://storage.googleapis.com/audrey_mae_edward_bear_photo_a_day/2016-3-8%20photo%20of%20the%20day.jpg,Hugs for Grandma,Audrey and Edward LOVE grandma.
2016,3,7,https://storage.googleapis.com/audrey_mae_edward_bear_photo_a_day/2016-3-7%20photo%20of%20the%20day.jpg,Twin Hug,Sometimes twins just got to hug it out.
2016,3,6,https://storage.googleapis.com/audrey_mae_edward_bear_photo_a_day/2016-3-6%20photo%20of%20the%20day.jpg,Cheesman Park,We left the apartment!
2016,3,5,https://storage.googleapis.com/audrey_mae_edward_bear_photo_a_day/2016-3-5%20photo%20of%20the%20day.jpg,More Shluffing,Jess made that dress. I know!
2016,3,4,https://storage.googleapis.com/audrey_mae_edward_bear_photo_a_day/2016-3-4%20photo%20of%20the%20day.jpg,Grandma!,What's crazy is the twins have the same facial expression as Grandma.
2016,3,3,https://storage.googleapis.com/audrey_mae_edward_bear_photo_a_day/2016-3-3%20photo%20of%20the%20day.jpg,So Spiffy,Sometimes the twins just like to get all gussied up.
2016,3,2,https://storage.googleapis.com/audrey_mae_edward_bear_photo_a_day/2016-3-2%20photo%20of%20the%20day.jpg,Oh that's the spot,Jess tickling Audrey post breakfast
2016,3,1,https://storage.googleapis.com/audrey_mae_edward_bear_photo_a_day/2016-3-1%20photo%20of%20the%20day.jpg,Deep in Thought,Thinking about big ideas in the Momaroo
2016,2,29,https://storage.googleapis.com/audrey_mae_edward_bear_photo_a_day/2016-2-29%20photo%20of%20the%20day.jpg,Double Trouble,They won't fit in my lap for long!
2016,2,28,https://storage.googleapis.com/audrey_mae_edward_bear_photo_a_day/2016-2-28%20photo%20of%20the%20day.jpg,Hybernating Bear,It's very important to be silent if you find yourself face to face with a hybernating bear.
2016,2,27,https://storage.googleapis.com/audrey_mae_edward_bear_photo_a_day/2016-2-27%20photo%20of%20the%20day.jpg,Sara meets the twins,The twins love Sara.
2016,2,26,https://storage.googleapis.com/audrey_mae_edward_bear_photo_a_day/2016-2-26%20photo%20of%20the%20day.jpg,Story Time,Reason #857 Jess is the world's best mom.
2016,2,25,https://storage.googleapis.com/audrey_mae_edward_bear_photo_a_day/2016-2-25%20photo%20of%20the%20day.jpg,Shluffing,Went to sleep before we could get the bib off.
2016,2,24,https://storage.googleapis.com/audrey_mae_edward_bear_photo_a_day/2016-2-24%20photo%20of%20the%20day.jpg,Stretchies,Getting ready for a snack and bath.
2016,2,23,https://storage.googleapis.com/audrey_mae_edward_bear_photo_a_day/2016-2-23%20photo%20of%20the%20day.jpg,Snug as a Bug,"With 2x the practice, I'm ready for the swaddle olympics."
2016,2,22,https://storage.googleapis.com/audrey_mae_edward_bear_photo_a_day/2016-2-22%20photo%20of%20the%20day.jpg,Matching Fleace Hoodies,We are getting ready for our walk around Cheesman Park!
2016,2,21,https://storage.googleapis.com/audrey_mae_edward_bear_photo_a_day/2016-2-21%20photo%20of%20the%20day.jpg,Little Bow,Audrey Mae!
2016,2,20,https://storage.googleapis.com/audrey_mae_edward_bear_photo_a_day/2016-2-20%20photo%20of%20the%20day.JPG,Studying,Sporting his Jedi onesie
2016,2,20,https://storage.googleapis.com/audrey_mae_edward_bear_photo_a_day/2016-2-20%20v2%20photo%20of%20the%20day.JPG,Don't cross the chicken,What do you mean dad went to Vail without me?
2016,2,19,https://storage.googleapis.com/audrey_mae_edward_bear_photo_a_day/2016-2-19%20photo%20of%20the%20day.jpg,Happy Family,The Spevack Family photographed by Ms. Emily Meyer.
2016,2,18,https://storage.googleapis.com/audrey_mae_edward_bear_photo_a_day/2016-2-18%20photo%20of%20the%20day.jpg,We were promised a Zaydie,Wishing Zaydie a speedy recovery from his cold! We're sorry we can't hang out.
2016,2,17,https://storage.googleapis.com/audrey_mae_edward_bear_photo_a_day/2016-2-17%20photo%20of%20the%20day.jpg,Auntie Em!,Dear friend Emily deep in conversation with Miss Audrey Mae
2016,2,16,https://storage.googleapis.com/audrey_mae_edward_bear_photo_a_day/2016-2-16%20photo%20of%20the%20day.jpg,Story Time,Jess reads a wonderful story to the twins after bath time.
2016,2,15,https://storage.googleapis.com/audrey_mae_edward_bear_photo_a_day/2016-2-15%20photo%20of%20the%20day.jpg,Nap Time,Sometimes the twins like to nap on Mama bird.
2016,2,14,https://storage.googleapis.com/audrey_mae_edward_bear_photo_a_day/2016-2-14%20photo%20of%20the%20day.gif,Happy Anniversary,To Grandma and Gamp-C: Happy Anniversary. We love you!
2016,2,13,https://storage.googleapis.com/audrey_mae_edward_bear_photo_a_day/2016-2-13%20v2%20photo%20of%20the%20day.jpg,Sea Otters,Thanks Christina and Fran for these adorable outfits.
2016,2,13,https://storage.googleapis.com/audrey_mae_edward_bear_photo_a_day/2016-2-13%20photo%20of%20the%20day.jpg,Twins,They really are twins.
2016,2,12,https://storage.googleapis.com/audrey_mae_edward_bear_photo_a_day/2016-2-12%20photo%20of%20the%20day.jpg,Hero Nurses,Two of the amazing nurses supporting Jess on her twin pregnancy journey get to meet the fruits of their labor.
2016,2,12,https://storage.googleapis.com/audrey_mae_edward_bear_photo_a_day/2016-2-12%20v2%20photo%20of%20the%20day.jpg,Resting my eyes,I could have slept like that for days.
2016,2,12,https://storage.googleapis.com/audrey_mae_edward_bear_photo_a_day/2016-2-12%20v3%20photo%20of%20the%20day.jpg,New Game!,The twins invented a new game. They call it Binky Fencing.
2016,2,11,https://storage.googleapis.com/audrey_mae_edward_bear_photo_a_day/2016-2-11%20photo%20of%20the%20day.jpg,Don't go Bubbie!,Bubbie passed the final exam today... a solo care session for Edward and Audrey. She crushed it.
2016,2,11,https://storage.googleapis.com/audrey_mae_edward_bear_photo_a_day/2016-2-11%20v2%20photo%20of%20the%20day.jpg,Binky,Notice Grandma's hand knit baby blanket. It's a real masterpiece.
2016,2,11,https://storage.googleapis.com/audrey_mae_edward_bear_photo_a_day/2016-2-11%20v3%20photo%20of%20the%20day.jpg,Who's a Big Boy?,"Edward Bear put on his big boy shoes, made by Mrs. Sara Shah."
2016,2,10,https://storage.googleapis.com/audrey_mae_edward_bear_photo_a_day/2016-2-10%20v2%20photo%20of%20the%20day.jpg,Baby Spa Night,Future Nobel Laureate
2016,2,9,https://storage.googleapis.com/audrey_mae_edward_bear_photo_a_day/2016-2-9%20photo%20of%20the%20day.jpg,Mushy Cheeks,Don't you just want to eat them?
2016,2,8,https://storage.googleapis.com/audrey_mae_edward_bear_photo_a_day/2016-2-8%20photo%20of%20the%20day.jpg,Denver Broncos Win,Audrey and mama bird watching the big game.
2016,2,7,https://storage.googleapis.com/audrey_mae_edward_bear_photo_a_day/2016-2-7%20photo%20of%20the%20day.jpg,Story Time,Audrey and Edward read one of their new favorites to Jeff.
2016,2,6,https://storage.googleapis.com/audrey_mae_edward_bear_photo_a_day/2016-2-6%20photo%20of%20the%20day.jpg,Lady Mae,Our sweet little coconut curry chicken.
2016,2,5,https://storage.googleapis.com/audrey_mae_edward_bear_photo_a_day/2016-2-5%20photo%20of%20the%20day.jpg,Little Man,"Thanks for the cool threads Uncle Natey, Auntie Aleigha, Dode Gil, Dodah Mollie, and Liam Guy!"
2016,2,4,https://storage.googleapis.com/audrey_mae_edward_bear_photo_a_day/2016-2-4%20v3%20photo%20of%20the%20day.jpg,Deep Connection,Audrey is sporting her brand new bow courtesy of Bonnie. Edward is in a onesie by Emily.
2016,2,4,https://storage.googleapis.com/audrey_mae_edward_bear_photo_a_day/2016-2-4%20v2%20photo%20of%20the%20day.jpg,Twin Hipsters,"Edward is wearing a onesie from Drew, Kristen and Willa (maybe future girl friend?). Audrey is wearing a onesie from Fran and Christina."
2016,2,4,https://storage.googleapis.com/audrey_mae_edward_bear_photo_a_day/2016-2-4%20photo%20of%20the%20day.jpg,Twin Hipsters part II,"Audrey sans bonnet, but her hair is so nice!"
2016,2,3,https://storage.googleapis.com/audrey_mae_edward_bear_photo_a_day/2016-2-3%20photo%20of%20the%20day.jpg,Twinsies,Just relaxing on the couch. Not getting anything done.
2016,2,2,https://storage.googleapis.com/audrey_mae_edward_bear_photo_a_day/2016-2-2%20photo%20of%20the%20day.jpg,Mama Bird,Always protecting her chicks.
2016,2,1,https://storage.googleapis.com/audrey_mae_edward_bear_photo_a_day/2016-2-1%20photo%20of%20the%20day.jpg,Swaddle by Jesse,Snug as a bug.
2016,2,1,https://storage.googleapis.com/audrey_mae_edward_bear_photo_a_day/2016-2-1%20v2%20photo%20of%20the%20day.jpg,Classic Eddie,What a nice guy.
2016,1,31,https://storage.googleapis.com/audrey_mae_edward_bear_photo_a_day/2016-1-31%20photo%20of%20the%20day.jpg,Two Beauties,Audrey and Jess take a mid-feed snooze.
2016,1,31,https://storage.googleapis.com/audrey_mae_edward_bear_photo_a_day/2016-1-31%20v2%20photo%20of%20the%20day.jpg,Quality time with Bubbie,Edward is really enjoying Bubbie's visit in Denver.
2016,1,31,https://storage.googleapis.com/audrey_mae_edward_bear_photo_a_day/2016-1-31%20v3%20photo%20of%20the%20day.jpg,Proud Poppy,Audrey misplaced her clothes.
2016,1,30,https://storage.googleapis.com/audrey_mae_edward_bear_photo_a_day/2016-1-30%20photo%20of%20the%20day.jpg,Bath Time,Jess pulled out all the stops for today's baby spa day.
2016,1,29,https://storage.googleapis.com/audrey_mae_edward_bear_photo_a_day/2015-1-29%20photo%20of%20the%20day.jpg,Womb-mates (Jess's idea),He is either smiling because he loves his sissy or because of the huge duece in his diaper.
2016,1,28,https://storage.googleapis.com/audrey_mae_edward_bear_photo_a_day/2015-1-28%20photo%20of%20the%20day.jpg,Bubbie is here!,Bubbie roles her sleaves up and gets to work. The Bear is mesmerized.
2016,1,27,https://storage.googleapis.com/audrey_mae_edward_bear_photo_a_day/2015-1-27%20photo%20of%20the%20day.jpg,Daddy's Robot Princess,Can't really get close enough to this little chicken.
2016,1,26,https://storage.googleapis.com/audrey_mae_edward_bear_photo_a_day/2016-1-26%20photo%20of%20the%20day.jpg,6am Feed,"A quick snooze, mid feed."
2016,1,25,https://storage.googleapis.com/audrey_mae_edward_bear_photo_a_day/2016-1-25%20photo%20of%20the%20day.jpg,Nuzzling,We do not place them in the bassinet like this... they just somehow nuzzle into each other.
2016,1,24,https://storage.googleapis.com/audrey_mae_edward_bear_photo_a_day/2016-1-24%20photo%20of%20the%20day.jpg,Bisecting Babies,Not sure what happened here.
2016,1,23,https://storage.googleapis.com/audrey_mae_edward_bear_photo_a_day/2016-1-23%20photo%20of%20the%20day.jpg,Those eyes!,That's a Cousin Lisa and Aaron Cohen swaddle.
2016,1,22,https://storage.googleapis.com/audrey_mae_edward_bear_photo_a_day/2016-1-21%20photo%20of%20the%20day.jpg,It's all over now Baby Blue,Edward enjoys a laze in his Bubbie sponsored Mamaroo wrapped in Great Auntie Joan's hand knit blanky.
2016,1,21,https://storage.googleapis.com/audrey_mae_edward_bear_photo_a_day/2016-1-22%20photo%20of%20the%20day.jpg,Besties on the couch,We try to keep them facing away from the TV. #noscreentime
2016,1,20,https://storage.googleapis.com/audrey_mae_edward_bear_photo_a_day/2016-1-20%20photo%20of%20the%20day.jpg,Sleeping Beauty,Accepting prince charming applications in 2035.
2016,1,19,https://storage.googleapis.com/audrey_mae_edward_bear_photo_a_day/2016-1-19%20photo%20of%20the%20day.jpg,First at home bath,"You wouldn't know it from the picture, but Audrey loved her day at the baby spa."
2016,1,18,https://storage.googleapis.com/audrey_mae_edward_bear_photo_a_day/2016-1-18%20photo%20of%20the%20day.jpg,Mama's boy,Jess has a new boyfriend and he goes by Mr. Bear.
2016,1,17,https://storage.googleapis.com/audrey_mae_edward_bear_photo_a_day/2016-1-17%20photo%20of%20the%20day.jpg,Rise and Shine,It's time for a 9pm feeding!
2016,1,16,https://storage.googleapis.com/audrey_mae_edward_bear_photo_a_day/2016-1-16%20photo%20of%20the%20day.jpg,Early Dog Hatred Training,This dog (by Jess) is bigger than our little chicken!
2016,1,15,https://storage.googleapis.com/audrey_mae_edward_bear_photo_a_day/2016-1-15%20photo%20of%20the%20day.jpg,Guess who is Peeing right now?,Turns out naked photos are a little beyond my skill at this point.
2016,1,14,https://storage.googleapis.com/audrey_mae_edward_bear_photo_a_day/2016-1-14%20photo%20of%20the%20day.jpg,Real men wear pink,Another swaddle from the Lisa and Aaron Cohen collection.
2016,1,13,https://storage.googleapis.com/audrey_mae_edward_bear_photo_a_day/2016-1-13%20photo%20of%20the%20day.jpg,Nuzzling on Dad's lap,Almost time to eat. One is ready. The other is not.
2016,1,12,https://storage.googleapis.com/audrey_mae_edward_bear_photo_a_day/2016-1-12%20photo%20of%20the%20day.jpg,I love my twin,The twins are besties already.
2016,1,11,https://storage.googleapis.com/audrey_mae_edward_bear_photo_a_day/2016-1-11%20photo%20of%20the%20day.jpg,Gramp-C,"You know, like a rapper."
2016,1,10,https://storage.googleapis.com/audrey_mae_edward_bear_photo_a_day/2016-1-10%20photo%20of%20the%20day.jpg,Real men wear pink,My name is Sue. How do you do?
2016,1,9,https://storage.googleapis.com/audrey_mae_edward_bear_photo_a_day/2016-1-9%20v3%20photo%20of%20the%20day.jpg,Kisses for Cousins,Cousins are gentle with each other. Wise words from Dode Gil and Dodah Mollie.
2016,1,9,https://storage.googleapis.com/audrey_mae_edward_bear_photo_a_day/2016-1-9%20v2%20photo%20of%20the%20day.jpg,Cousins,"Gil introduces Edward Bear to his big cousin, Liam Guy!"
2016,1,9,https://storage.googleapis.com/audrey_mae_edward_bear_photo_a_day/2016-1-9%20photo%20of%20the%20day.jpg,Like a boss,The twins meet uncle Natey for the first time. Edward is supporting his Maize and Blues from the Garvetrops.
2016,1,8,https://storage.googleapis.com/audrey_mae_edward_bear_photo_a_day/2016-1-8%20photo%20of%20the%20day.jpg,Go Blue!,The twins meet fellow Wolverines Brandon and Tiger!
2016,1,7,https://storage.googleapis.com/audrey_mae_edward_bear_photo_a_day/2016-1-7%20photo%20of%20the%20day.jpg,Nom nom nom!,I want all the twins!
2016,1,6,https://storage.googleapis.com/audrey_mae_edward_bear_photo_a_day/2016-1-6%20photo%20of%20the%20day.jpg,It's show time,"The Bear, moments before his circumcision. Special thanks to Dr. Grope, Aunt Pam, and Uncle Bill."
2016,1,5,https://storage.googleapis.com/audrey_mae_edward_bear_photo_a_day/2016-1-5%20photo%20of%20the%20day.jpg,Bubbie and Zeydie,Audrey is missing a sock. Bubbie and Zeydie are on feeding duty this evening.
2016,1,4,https://storage.googleapis.com/audrey_mae_edward_bear_photo_a_day/2016-1-4%20photo%20of%20the%20day.jpg,Good morning Grandma!,Good morning little Edward Bear!
2016,1,3,https://storage.googleapis.com/audrey_mae_edward_bear_photo_a_day/2016-1-3%20photo%20of%20the%20day.jpg,The Jets Lose,And so Audrey Mae and Edward Bear learn at a young age what it means to be a Jets fan.
2016,1,2,https://storage.googleapis.com/audrey_mae_edward_bear_photo_a_day/2016-1-2%20photo%20of%20the%20day.jpg,There is no place like home,Our first moments home from the hospital with our twins.
2016,1,1,https://storage.googleapis.com/audrey_mae_edward_bear_photo_a_day/2016-1-1%20photo%20of%20the%20day.jpg,First Shabbas,"Kiddish over cranberry juice. A plastic bag of challah. I know the Shabbas Malchah was in the room with us on January 1, 2016."
2015,12,31,https://storage.googleapis.com/audrey_mae_edward_bear_photo_a_day/2015-12-31%20photo%20of%20the%20day.jpg,Twin Mama Friends,"Emily, who is expecting twins, gets the low down from a twin mama expert."
2015,12,30,https://storage.googleapis.com/audrey_mae_edward_bear_photo_a_day/2015-12-30%20photo%20of%20the%20day.jpg,That face!,That's a Spevack look
2015,12,30,https://storage.googleapis.com/audrey_mae_edward_bear_photo_a_day/2015-12-30%20v2%20photo%20of%20the%20day.jpg,Grandpa,A grandpa x3 in as many days. What could be better?
2015,12,29,https://storage.googleapis.com/audrey_mae_edward_bear_photo_a_day/2015-12-29%20photo%20of%20the%20day.jpg,"Twins, meet mama.",Wow.